page,nsn,part_number,cage,name,product_url,cover,support_images
1,1650-00-442-8087,LMT839S05,27541,POSITION TRANSDUCER,https://www.dla.mil/Aviation/Offers/Engineering/RPPOB/Parts-Catalog/?udt_98399_param_detail=2546846,cover.png,support_1.png|support_2.png|support_3.png|support_4.png
1,5995-01-463-0973,422952-801,4K0V2,CABLE ASSEMBLY, SPECIAL PURPOSE,https://www.dla.mil/Aviation/Offers/Engineering/RPPOB/Parts-Catalog/?udt_98399_param_detail=2546847,cover.png,support_1.png|support_2.png|support_3.png|support_4.png
1,6620-00-019-8424,9850143G001,1ZK21,SCREW ASSEMBLY JEWEL,https://www.dla.mil/Aviation/Offers/Engineering/RPPOB/Parts-Catalog/?udt_98399_param_detail=2546848,cover.png,support_1.png|support_2.png|support_3.png|support_4.png
1,2995-01-139-7069,2493709,99551,PLATE, DISCHARGE PORT,https://www.dla.mil/Aviation/Offers/Engineering/RPPOB/Parts-Catalog/?udt_98399_param_detail=2546849,cover.png,support_1.png|support_2.png|support_3.png|support_4.png
1,5975-01-616-9616,AX0685-3224-SP,5V049,ADPTER, ELECTRICAL,https://www.dla.mil/Aviation/Offers/Engineering/RPPOB/Parts-Catalog/?udt_98399_param_detail=2546850,cover.png,support_1.png|support_2.png|support_3.png|support_4.png
1,6610-00-065-8881,123-0064-02,0D9X5,RECORDER ASSEMBLY,https://www.dla.mil/Aviation/Offers/Engineering/RPPOB/Parts-Catalog/?udt_98399_param_detail=2546851,cover.png,support_1.png|support_2.png|support_3.png|support_4.png
1,4010-01-219-2408,BL-10635-1,0ZBE8,ROPE, WIRE,https://www.dla.mil/Aviation/Offers/Engineering/RPPOB/Parts-Catalog/?udt_98399_param_detail=2546852,cover.png,support_1.png|support_2.png|support_3.png|support_4.png
1,1680-00-133-7219,2315M-28-1,59885,BLADE, WINDSHIELD WIPER,https://www.dla.mil/Aviation/Offers/Engineering/RPPOB/Parts-Catalog/?udt_98399_param_detail=2546854,cover.png,support_1.png|support_2.png|support_3.png|support_4.png
1,6620-00-092-0871,8900839G001,97424,ROTOR AND DRIVE GEAR,https://www.dla.mil/Aviation/Offers/Engineering/RPPOB/Parts-Catalog/?udt_98399_param_detail=2546855,cover.png,support_1.png|support_2.png|support_3.png|support_4.png
1,1560-00-854-0260,649937,99551,FLANGE BALL ASSEMBLY,https://www.dla.mil/Aviation/Offers/Engineering/RPPOB/Parts-Catalog/?udt_98399_param_detail=2546856,cover.png,support_1.png|support_2.png|support_3.png|support_4.png
1,1680-01-602-4457,MBEU240245,1Q842,CUSHION, SEAT BACK AIRCRAFT,https://www.dla.mil/Aviation/Offers/Engineering/RPPOB/Parts-Catalog/?udt_98399_param_detail=2546857,cover.png,support_1.png|support_2.png|support_3.png|support_4.png
1,2840-00-340-7296,4010497,77445,VALVE ASSEMBLY, OIL TANK,https://www.dla.mil/Aviation/Offers/Engineering/RPPOB/Parts-Catalog/?udt_98399_param_detail=2546858,cover.png,support_1.png|support_2.png|support_3.png|support_4.png
1,1680-01-599-2364,1101848-33,45402,BELT, AIRCRAFT SAFETY,https://www.dla.mil/Aviation/Offers/Engineering/RPPOB/Parts-Catalog/?udt_98399_param_detail=2546859,cover.png,support_1.png|support_2.png|support_3.png|support_4.png
1,2915-00-449-9118,2556B5427,31068,STATOR, ASSEMBLY, PUMP,https://www.dla.mil/Aviation/Offers/Engineering/RPPOB/Parts-Catalog/?udt_98399_param_detail=2546860,cover.png,support_1.png|support_2.png|support_3.png|support_4.png
1,1680-01-191-4702,13687-2,08484,COVER ASSEMBLY, CARGO,https://www.dla.mil/Aviation/Offers/Engineering/RPPOB/Parts-Catalog/?udt_98399_param_detail=2546861,cover.png,support_1.png|support_2.png|support_3.png|support_4.png
2,2925-01-461-6372,502144,59501,IGNITER, SPARK, GAS TURBINE ENGINE,https://www.dla.mil/Aviation/Offers/Engineering/RPPOB/Parts-Catalog/?udt_98399_param_detail=2546862,cover.png,support_1.png|support_2.png|support_3.png|support_4.png
2,5585-00-810-6047,104400G01P00,58985,GAGE, DIFFERENTIAL,https://www.dla.mil/Aviation/Offers/Engineering/RPPOB/Parts-Catalog/?udt_98399_param_detail=2546863,cover.png,support_1.png|support_2.png|support_3.png|support_4.png
2,6620-01-348-3723,706004-402,22830,LIGHT, INDICATOR,https://www.dla.mil/Aviation/Offers/Engineering/RPPOB/Parts-Catalog/?udt_98399_param_detail=2546864,cover.png,support_1.png|support_2.png|support_3.png|support_4.png
2,3020-01-199-0669,163057-101,1Y249,GEAR, SPUR,https://www.dla.mil/Aviation/Offers/Engineering/RPPOB/Parts-Catalog/?udt_98399_param_detail=2546865,cover.png,support_1.png|support_2.png|support_3.png|support_4.png
2,5340-01-466-5009,4083230,52661,BRACKET, MOUNTING,https://www.dla.mil/Aviation/Offers/Engineering/RPPOB/Parts-Catalog/?udt_98399_param_detail=2546866,cover.png,support_1.png|support_2.png|support_3.png|support_4.png
2,5895-01-528-1514,7020-20037-01,7BUL6,INTERCONNECTING BOX,https://www.dla.mil/Aviation/Offers/Engineering/RPPOB/Parts-Catalog/?udt_98399_param_detail=2546867,cover.png,support_1.png|support_2.png|support_3.png|support_4.png
2,1650-00-119-3605,0711311-610,98391,SEAT, LOWER,https://www.dla.mil/Aviation/Offers/Engineering/RPPOB/Parts-Catalog/?udt_98399_param_detail=2546868,cover.png,support_1.png|support_2.png|support_3.png|support_4.png
2,5310-01-317-6705,4071798,77445,NUT, PLAIN, CAP,https://www.dla.mil/Aviation/Offers/Engineering/RPPOB/Parts-Catalog/?udt_98399_param_detail=2546869,cover.png,support_1.png|support_2.png|support_3.png|support_4.png
2,3120-01-544-3842,901-010-118-101,97499,BUSHING, SLEEVE,https://www.dla.mil/Aviation/Offers/Engineering/RPPOB/Parts-Catalog/?udt_98399_param_detail=2546870,cover.png,support_1.png|support_2.png|support_3.png|support_4.png
2,1560-00-278-3654,123P11520-1,26512,DUCT ASSEMBLY,https://www.dla.mil/Aviation/Offers/Engineering/RPPOB/Parts-Catalog/?udt_98399_param_detail=2546871,cover.png,support_1.png|support_2.png|support_3.png|support_4.png
2,6685-00-684-1667,2000-045-00,24708,GAGE, PRESSURE, DIAL,https://www.dla.mil/Aviation/Offers/Engineering/RPPOB/Parts-Catalog/?udt_98399_param_detail=2546872,cover.png,support_1.png|support_2.png|support_3.png|support_4.png
2,5315-01-537-4652,70103-08108-041,78286,PIN, BLADE, SOLID,https://www.dla.mil/Aviation/Offers/Engineering/RPPOB/Parts-Catalog/?udt_98399_param_detail=2546873,cover.png,support_1.png|support_2.png|support_3.png|support_4.png
2,2995-00-544-5243,244467,0A335,ROD, ACTUATOR,https://www.dla.mil/Aviation/Offers/Engineering/RPPOB/Parts-Catalog/?udt_98399_param_detail=2546875,cover.png,support_1.png|support_2.png|support_3.png|support_4.png
2,6680-00-053-4534,174394,45934,SHIM,https://www.dla.mil/Aviation/Offers/Engineering/RPPOB/Parts-Catalog/?udt_98399_param_detail=2546878,cover.png,support_1.png|support_2.png|support_3.png|support_4.png
2,1680-01-502-0437,AT6701N1,65907,CLOCK, AIRCRAFT, MATE,https://www.dla.mil/Aviation/Offers/Engineering/RPPOB/Parts-Catalog/?udt_98399_param_detail=2546879,cover.png,support_1.png|support_2.png|support_3.png|support_4.png
3,6220-01-492-1902,16547-003,3WGD1,LENS, LIGHT,https://www.dla.mil/Aviation/Offers/Engineering/RPPOB/Parts-Catalog/?udt_98399_param_detail=2546881,cover.png,support_1.png|support_2.png|support_3.png|support_4.png
3,1650-01-204-5359,1311024-254,98391,FILTER, HYDRAULIC,https://www.dla.mil/Aviation/Offers/Engineering/RPPOB/Parts-Catalog/?udt_98399_param_detail=2546883,cover.png,support_1.png|support_2.png|support_3.png|support_4.png
3,1650-01-034-3727,1778D1,78062,END ASSEMBLY, ACTUATOR,https://www.dla.mil/Aviation/Offers/Engineering/RPPOB/Parts-Catalog/?udt_98399_param_detail=2546884,cover.png,support_1.png|support_2.png|support_3.png|support_4.png
3,5342-01-265-9125,B4583-1,54184,MOUNT, RESILIENT, WEAPON SYSTEM,https://www.dla.mil/Aviation/Offers/Engineering/RPPOB/Parts-Catalog/?udt_98399_param_detail=2546885,cover.png,support_1.png|support_2.png|support_3.png|support_4.png
3,6105-00-619-3377,E8391-3,81309,STATOR, MOTOR,https://www.dla.mil/Aviation/Offers/Engineering/RPPOB/Parts-Catalog/?udt_98399_param_detail=2546886,cover.png,support_1.png|support_2.png|support_3.png|support_4.png
3,1680-01-055-3344,1211178-133,98391,ROD, PISTON,https://www.dla.mil/Aviation/Offers/Engineering/RPPOB/Parts-Catalog/?udt_98399_param_detail=2546888,cover.png,support_1.png|support_2.png|support_3.png|support_4.png
3,6695-01-302-9724,828-1111,0ZBE8,TRANSDUCER, MOTIONAL,https://www.dla.mil/Aviation/Offers/Engineering/RPPOB/Parts-Catalog/?udt_98399_param_detail=2546889,cover.png,support_1.png|support_2.png|support_3.png|support_4.png
3,3010-01-153-2004,1675B5-4,99551,BALL AND SOCKET,https://www.dla.mil/Aviation/Offers/Engineering/RPPOB/Parts-Catalog/?udt_98399_param_detail=2546890,cover.png,support_1.png|support_2.png|support_3.png|support_4.png
3,1660-01-399-1766,G010-1101-12,60240,MASK, OXYGEN M/N,https://www.dla.mil/Aviation/Offers/Engineering/RPPOB/Parts-Catalog/?udt_98399_param_detail=2546891,cover.png,support_1.png|support_2.png|support_3.png|support_4.png
3,5342-00-794-0714,H268-2,83014,LATCH ASSEMBLY PIN,https://www.dla.mil/Aviation/Offers/Engineering/RPPOB/Parts-Catalog/?udt_98399_param_detail=2546892,cover.png,support_1.png|support_2.png|support_3.png|support_4.png
3,6610-00-281-9516,123-538,0D9X5,PROBE, DETECTOR,https://www.dla.mil/Aviation/Offers/Engineering/RPPOB/Parts-Catalog/?udt_98399_param_detail=2546893,cover.png,support_1.png|support_2.png|support_3.png|support_4.png
3,2840-01-499-5299,4079584-01,77445,CONE, EXHAUST AIRCRAFT GAS TURBINE ENGINE,https://www.dla.mil/Aviation/Offers/Engineering/RPPOB/Parts-Catalog/?udt_98399_param_detail=2546894,cover.png,support_1.png|support_2.png|support_3.png|support_4.png
3,2915-00-728-0038,589571-1,45934,ROD, ADJUSTING, FUEL,https://www.dla.mil/Aviation/Offers/Engineering/RPPOB/Parts-Catalog/?udt_98399_param_detail=2546895,cover.png,support_1.png|support_2.png|support_3.png|support_4.png
3,1680-00-313-5617,73031-1108,4BJ65,STRAP ASSEMBLY, TWO,https://www.dla.mil/Aviation/Offers/Engineering/RPPOB/Parts-Catalog/?udt_98399_param_detail=2546897,cover.png,support_1.png|support_2.png|support_3.png|support_4.png
3,5865-00-861-8928,RC31095,48ZY0,ROLLER AND SHAFT ASSEMBLY,https://www.dla.mil/Aviation/Offers/Engineering/RPPOB/Parts-Catalog/?udt_98399_param_detail=2546898,cover.png,support_1.png|support_2.png|support_3.png|support_4.png
4,1560-01-111-1806,770210,96124,SEAT, MOLDED,https://www.dla.mil/Aviation/Offers/Engineering/RPPOB/Parts-Catalog/?udt_98399_param_detail=2546899,cover.png,support_1.png|support_2.png|support_3.png|support_4.png
4,5895-01-436-3367,RF-5930-CA002,14304,CASE, ELECTRONIC COMMUNICATIONS,https://www.dla.mil/Aviation/Offers/Engineering/RPPOB/Parts-Catalog/?udt_98399_param_detail=2546900,cover.png,support_1.png|support_2.png|support_3.png|support_4.png
4,6610-00-561-4730,P22-30,3MBT2,CASE ASSEMBLY, TRANSMITTER,https://www.dla.mil/Aviation/Offers/Engineering/RPPOB/Parts-Catalog/?udt_98399_param_detail=2546901,cover.png,support_1.png|support_2.png|support_3.png|support_4.png
4,2995-00-830-3437,124602,79318,SHAFT, BUTERFLY VALVE,https://www.dla.mil/Aviation/Offers/Engineering/RPPOB/Parts-Catalog/?udt_98399_param_detail=2546902,cover.png,support_1.png|support_2.png|support_3.png|support_4.png
4,5895-01-474-3750,10208-0002-07,14304,PARTS KIT, ELECTRONIC EQUIPMENT,https://www.dla.mil/Aviation/Offers/Engineering/RPPOB/Parts-Catalog/?udt_98399_param_detail=2546903,cover.png,support_1.png|support_2.png|support_3.png|support_4.png
4,1680-01-549-0456,901-011-184-101,97499,SHIM, AIRCRAFT, MATER,https://www.dla.mil/Aviation/Offers/Engineering/RPPOB/Parts-Catalog/?udt_98399_param_detail=2546904,cover.png,support_1.png|support_2.png|support_3.png|support_4.png
4,2840-01-361-4055,4081062,77445,ARM, COMPRESSOR STATOR, TURBINE ENGINE,https://www.dla.mil/Aviation/Offers/Engineering/RPPOB/Parts-Catalog/?udt_98399_param_detail=2546905,cover.png,support_1.png|support_2.png|support_3.png|support_4.png
4,5310-01-151-1696,70103-28063-101,78286,WASHER, RECESSED,https://www.dla.mil/Aviation/Offers/Engineering/RPPOB/Parts-Catalog/?udt_98399_param_detail=2546906,cover.png,support_1.png|support_2.png|support_3.png|support_4.png
4,2840-01-625-8390,2026M64G09,07482,FLAMEHOLDER, AFTERBURNER, TURBINE ENGINE,https://www.dla.mil/Aviation/Offers/Engineering/RPPOB/Parts-Catalog/?udt_98399_param_detail=2546907,cover.png,support_1.png|support_2.png|support_3.png|support_4.png
4,5306-01-462-2779,74A172213-2001,1V662,BOLT, INTERNAL WRENCHING,https://www.dla.mil/Aviation/Offers/Engineering/RPPOB/Parts-Catalog/?udt_98399_param_detail=2546908,cover.png,support_1.png|support_2.png|support_3.png|support_4.png
4,1650-00-659-7127,200032-1,81873,NOZZLE, VALVE,https://www.dla.mil/Aviation/Offers/Engineering/RPPOB/Parts-Catalog/?udt_98399_param_detail=2546909,cover.png,support_1.png|support_2.png|support_3.png|support_4.png
4,6150-01-628-9758,A13091-5,6UQP0,CABLE ASSEMBLY, SPECIAL PURPOSE, ELECTRICAL,https://www.dla.mil/Aviation/Offers/Engineering/RPPOB/Parts-Catalog/?udt_98399_param_detail=2546910,cover.png,support_1.png|support_2.png|support_3.png|support_4.png
4,4030-00-618-8468,HT100-5,55345,SWAGING, SLEEVE, WIRE,https://www.dla.mil/Aviation/Offers/Engineering/RPPOB/Parts-Catalog/?udt_98399_param_detail=2546911,cover.png,support_1.png|support_2.png|support_3.png|support_4.png
4,1680-01-103-3540,8067-15,0ZTJ5,DOG, DRIVE,https://www.dla.mil/Aviation/Offers/Engineering/RPPOB/Parts-Catalog/?udt_98399_param_detail=2546912,cover.png,support_1.png|support_2.png|support_3.png|support_4.png
4,1650-00-321-6309,86237-1,81982,CABLE, INDICATOR, HYDRAULIC,https://www.dla.mil/Aviation/Offers/Engineering/RPPOB/Parts-Catalog/?udt_98399_param_detail=2546913,cover.png,support_1.png|support_2.png|support_3.png|support_4.png
5,1650-00-968-8236,152459-1,79318,PLATE ASSEMBLY,https://www.dla.mil/Aviation/Offers/Engineering/RPPOB/Parts-Catalog/?udt_98399_param_detail=2546914,cover.png,support_1.png|support_2.png|support_3.png|support_4.png
5,1560-01-036-4840,28188-1,78710,BOX, ASSEMBLY,https://www.dla.mil/Aviation/Offers/Engineering/RPPOB/Parts-Catalog/?udt_98399_param_detail=2546915,cover.png,support_1.png|support_2.png|support_3.png|support_4.png
5,1650-00-321-6317,86237-2,81982,CABLE, INDICATOR, HYDRAULIC,https://www.dla.mil/Aviation/Offers/Engineering/RPPOB/Parts-Catalog/?udt_98399_param_detail=2546916,cover.png,support_1.png|support_2.png|support_3.png|support_4.png
5,6150-01-182-8003,42312-430,82402,CABLE ASSEMBLY-SWITCH, ELECTRICAL,https://www.dla.mil/Aviation/Offers/Engineering/RPPOB/Parts-Catalog/?udt_98399_param_detail=2546917,cover.png,support_1.png|support_2.png|support_3.png|support_4.png
5,1680-01-235-5836,A2759-1,08844,STRUT ASSEMBLY,https://www.dla.mil/Aviation/Offers/Engineering/RPPOB/Parts-Catalog/?udt_98399_param_detail=2546918,cover.png,support_1.png|support_2.png|support_3.png|support_4.png
5,5365-01-450-3492,149C4049-3,72429,ARM, INNER,https://www.dla.mil/Aviation/Offers/Engineering/RPPOB/Parts-Catalog/?udt_98399_param_detail=2546919,cover.png,support_1.png|support_2.png|support_3.png|support_4.png
5,6220-01-443-3026,4000058-001,27520,LIGHT, NAVIGATIONAL, AIRCRAFT,https://www.dla.mil/Aviation/Offers/Engineering/RPPOB/Parts-Catalog/?udt_98399_param_detail=2546920,cover.png,support_1.png|support_2.png|support_3.png|support_4.png
5,2840-01-603-6452,B0014-1,3SDB5,SPACER, TURBINE ROTOR, AIRCRAFT GAS TURBINE ENGINE,https://www.dla.mil/Aviation/Offers/Engineering/RPPOB/Parts-Catalog/?udt_98399_param_detail=2546921,cover.png,support_1.png|support_2.png|support_3.png|support_4.png
5,6150-01-568-7429,T295092,0WFM3,CABLE ASSEMBLY, POWER, ELECTRICAL,https://www.dla.mil/Aviation/Offers/Engineering/RPPOB/Parts-Catalog/?udt_98399_param_detail=2546922,cover.png,support_1.png|support_2.png|support_3.png|support_4.png
5,6620-00-463-7489,9850112G0004,97424,IMPELLER, ASSEMBLY,https://www.dla.mil/Aviation/Offers/Engineering/RPPOB/Parts-Catalog/?udt_98399_param_detail=2546923,cover.png,support_1.png|support_2.png|support_3.png|support_4.png
5,1680-00-686-1863,880124,98889,FOLLOWER, JACKSCREW,https://www.dla.mil/Aviation/Offers/Engineering/RPPOB/Parts-Catalog/?udt_98399_param_detail=2546924,cover.png,support_1.png|support_2.png|support_3.png|support_4.png
5,5365-00-442-4374,31-10080,05228,PLUG, MACHINE THREAD,https://www.dla.mil/Aviation/Offers/Engineering/RPPOB/Parts-Catalog/?udt_98399_param_detail=2546925,cover.png,support_1.png|support_2.png|support_3.png|support_4.png
5,2835-01-205-2606,161412-200A,1Y249,HOUSING, CARRIER, BEARING, FRONT,https://www.dla.mil/Aviation/Offers/Engineering/RPPOB/Parts-Catalog/?udt_98399_param_detail=2546926,cover.png,support_1.png|support_2.png|support_3.png|support_4.png
5,1660-00-859-0009,299-14,4K0V2,GEAR AND SHAFT ASSEMBLY,https://www.dla.mil/Aviation/Offers/Engineering/RPPOB/Parts-Catalog/?udt_98399_param_detail=2546927,cover.png,support_1.png|support_2.png|support_3.png|support_4.png
5,5895-01-467-7784,DA-00E-100,0ENJ2,CONTROL-POWER SUPPLY GROUP,https://www.dla.mil/Aviation/Offers/Engineering/RPPOB/Parts-Catalog/?udt_98399_param_detail=2546928,cover.png,support_1.png|support_2.png|support_3.png|support_4.png
6,1650-00-373-8868,C5791-23,70236,ROD, PISTON, LINEAR ACTUATOR,https://www.dla.mil/Aviation/Offers/Engineering/RPPOB/Parts-Catalog/?udt_98399_param_detail=2546929,cover.png,support_1.png|support_2.png|support_3.png|support_4.png
6,2925-01-179-2648,3501614-3,59364,SHAFT ASSEMBLY, OUTPUT,https://www.dla.mil/Aviation/Offers/Engineering/RPPOB/Parts-Catalog/?udt_98399_param_detail=2546930,cover.png,support_1.png|support_2.png|support_3.png|support_4.png
6,5995-00-018-3858,961-0034,0D9X5,INDICATOR ASSEMBLY, OFF WARNING,https://www.dla.mil/Aviation/Offers/Engineering/RPPOB/Parts-Catalog/?udt_98399_param_detail=2546931,cover.png,support_1.png|support_2.png|support_3.png|support_4.png
6,6680-00-225-3827,9A97-1,25805,HOUSING, INDICATOR,https://www.dla.mil/Aviation/Offers/Engineering/RPPOB/Parts-Catalog/?udt_98399_param_detail=2546932,cover.png,support_1.png|support_2.png|support_3.png|support_4.png
6,1680-00-909-4507,7257-119,98391,YOKE, ACTUATOR,https://www.dla.mil/Aviation/Offers/Engineering/RPPOB/Parts-Catalog/?udt_98399_param_detail=2546933,cover.png,support_1.png|support_2.png|support_3.png|support_4.png
6,1560-01-161-8352,2012A83,45934,GROUND STRAP ASSEMBLY,https://www.dla.mil/Aviation/Offers/Engineering/RPPOB/Parts-Catalog/?udt_98399_param_detail=2546935,cover.png,support_1.png|support_2.png|support_3.png|support_4.png
6,5360-00-079-0930,40-464,97153,SPRING, HELICAL, COMPRESSION,https://www.dla.mil/Aviation/Offers/Engineering/RPPOB/Parts-Catalog/?udt_98399_param_detail=2546937,cover.png,support_1.png|support_2.png|support_3.png|support_4.png
6,1560-01-420-9453,5004175-10,81755,COVER, ACCESS, AIRCRAFT,https://www.dla.mil/Aviation/Offers/Engineering/RPPOB/Parts-Catalog/?udt_98399_param_detail=2546938,cover.png,support_1.png|support_2.png|support_3.png|support_4.png
6,4010-01-282-6124,WS185-6T-0,79326,WIRE ROPE ASSEMBLY,https://www.dla.mil/Aviation/Offers/Engineering/RPPOB/Parts-Catalog/?udt_98399_param_detail=2546939,cover.png,support_1.png|support_2.png|support_3.png|support_4.png
6,1620-01-136-4250,2560618,45934,LINK ASSEMBLY,https://www.dla.mil/Aviation/Offers/Engineering/RPPOB/Parts-Catalog/?udt_98399_param_detail=2546940,cover.png,support_1.png|support_2.png|support_3.png|support_4.png
6,5315-01-471-6708,74A231310-1005,76823,PIN, STRAIGHT, HEADED,https://www.dla.mil/Aviation/Offers/Engineering/RPPOB/Parts-Catalog/?udt_98399_param_detail=2546941,cover.png,support_1.png|support_2.png|support_3.png|support_4.png
6,6620-01-394-4042,10405N01P00,61125,INDICATOR, PRESSURE,https://www.dla.mil/Aviation/Offers/Engineering/RPPOB/Parts-Catalog/?udt_98399_param_detail=2546942,cover.png,support_1.png|support_2.png|support_3.png|support_4.png
6,6685-01-396-0898,10422G01H00,00ZP1,GAGE, PRESSURE, DIAL,https://www.dla.mil/Aviation/Offers/Engineering/RPPOB/Parts-Catalog/?udt_98399_param_detail=2546943,cover.png,support_1.png|support_2.png|support_3.png|support_4.png
6,1560-00-066-2900,123GSK52-200,26512,INSTALLATION KIT, WING,https://www.dla.mil/Aviation/Offers/Engineering/RPPOB/Parts-Catalog/?udt_98399_param_detail=2546944,cover.png,support_1.png|support_2.png|support_3.png|support_4.png
6,3110-01-249-3982,7-311411193-15,76005,BEARING ASSEMBLY, ROTOR,https://www.dla.mil/Aviation/Offers/Engineering/RPPOB/Parts-Catalog/?udt_98399_param_detail=2546946,cover.png,support_1.png|support_2.png|support_3.png|support_4.png
7,1680-01-055-3343,1211178-130-1,98391,PISTON HEAD ASSEMBLY,https://www.dla.mil/Aviation/Offers/Engineering/RPPOB/Parts-Catalog/?udt_98399_param_detail=2546947,cover.png,support_1.png|support_2.png|support_3.png|support_4.png
7,1660-01-412-9884,2305469-1,70210,COALESCOR, WATER SEPERATOR,https://www.dla.mil/Aviation/Offers/Engineering/RPPOB/Parts-Catalog/?udt_98399_param_detail=2546948,cover.png,support_1.png|support_2.png|support_3.png|support_4.png
7,5975-14-478-8389,44036534,23386,BOX CONNECTOR, ELECTRICAL,https://www.dla.mil/Aviation/Offers/Engineering/RPPOB/Parts-Catalog/?udt_98399_param_detail=2546949,cover.png,support_1.png|support_2.png|support_3.png|support_4.png
7,3020-00-320-5179,4002706,77445,GEAR, SPUR,https://www.dla.mil/Aviation/Offers/Engineering/RPPOB/Parts-Catalog/?udt_98399_param_detail=2546950,cover.png,support_1.png|support_2.png|support_3.png|support_4.png
7,2915-00-321-2103,108469,79318,FLANGE, GATE VALVE,https://www.dla.mil/Aviation/Offers/Engineering/RPPOB/Parts-Catalog/?udt_98399_param_detail=2546951,cover.png,support_1.png|support_2.png|support_3.png|support_4.png
7,5995-01-502-6089,AE13013-412-113,0HS46,CABLE ASSEMBLY,https://www.dla.mil/Aviation/Offers/Engineering/RPPOB/Parts-Catalog/?udt_98399_param_detail=2546953,cover.png,support_1.png|support_2.png|support_3.png|support_4.png
7,6150-21-920-5767,217-812125-001,L1084,CABLE ASSEMBLY, POWER,https://www.dla.mil/Aviation/Offers/Engineering/RPPOB/Parts-Catalog/?udt_98399_param_detail=2546954,cover.png,support_1.png|support_2.png|support_3.png|support_4.png
7,6220-01-493-3148,23748-006,3WGD1,LIGHT ASSEMBLY, INDICATOR,https://www.dla.mil/Aviation/Offers/Engineering/RPPOB/Parts-Catalog/?udt_98399_param_detail=2546955,cover.png,support_1.png|support_2.png|support_3.png|support_4.png
7,6150-25-150-8796,68112515-00,N0013,CABLE ASSEMBLY, SPECIAL PURPOSE, ELECTRICAL, BRANCHED,https://www.dla.mil/Aviation/Offers/Engineering/RPPOB/Parts-Catalog/?udt_98399_param_detail=2546956,cover.png,support_1.png|support_2.png|support_3.png|support_4.png
7,1560-01-630-2800,901-060-151-101,97499,SUPPORT, STRUCTURAL,https://www.dla.mil/Aviation/Offers/Engineering/RPPOB/Parts-Catalog/?udt_98399_param_detail=2546958,cover.png,support_1.png|support_2.png|support_3.png|support_4.png
7,1680-01-029-4430,D1859-47,75345,SEAL, CABIN AIR DUCT,https://www.dla.mil/Aviation/Offers/Engineering/RPPOB/Parts-Catalog/?udt_98399_param_detail=2546959,cover.png,support_1.png|support_2.png|support_3.png|support_4.png
7,6620-01-184-8973,1714W77G700,97424,BRACKET, INDICATOR,https://www.dla.mil/Aviation/Offers/Engineering/RPPOB/Parts-Catalog/?udt_98399_param_detail=2546960,cover.png,support_1.png|support_2.png|support_3.png|support_4.png
7,1650-01-605-1747,8898-105,0ZBEB,BOOT, AIRCRAFT COMPONENT,https://www.dla.mil/Aviation/Offers/Engineering/RPPOB/Parts-Catalog/?udt_98399_param_detail=2546961,cover.png,support_1.png|support_2.png|support_3.png|support_4.png
7,1680-00-686-1864,880125,98889,STOP, ACTUATOR,https://www.dla.mil/Aviation/Offers/Engineering/RPPOB/Parts-Catalog/?udt_98399_param_detail=2546962,cover.png,support_1.png|support_2.png|support_3.png|support_4.png
7,1650-00-923-2575,HP904113-1,31068,PLUNGER ASSEMBLY,https://www.dla.mil/Aviation/Offers/Engineering/RPPOB/Parts-Catalog/?udt_98399_param_detail=2546963,cover.png,support_1.png|support_2.png|support_3.png|support_4.png
8,6610-00-633-4307,85243010120,89944,CASE AND BARREL ASSEMBLY,https://www.dla.mil/Aviation/Offers/Engineering/RPPOB/Parts-Catalog/?udt_98399_param_detail=2546964,cover.png,support_1.png|support_2.png|support_3.png|support_4.png
8,1680-00-796-1473,E20030,81039,PARTS KIT, ACTUATOR,https://www.dla.mil/Aviation/Offers/Engineering/RPPOB/Parts-Catalog/?udt_98399_param_detail=2546967,cover.png,support_1.png|support_2.png|support_3.png|support_4.png
8,5330-00-244-1806,9536743,0B9R9,SEAL, SPECIAL,https://www.dla.mil/Aviation/Offers/Engineering/RPPOB/Parts-Catalog/?udt_98399_param_detail=2546968,cover.png,support_1.png|support_2.png|support_3.png|support_4.png
8,1680-01-015-0482,1590138-1,98889,DISK, FRICTION,https://www.dla.mil/Aviation/Offers/Engineering/RPPOB/Parts-Catalog/?udt_98399_param_detail=2546969,cover.png,support_1.png|support_2.png|support_3.png|support_4.png
8,4010-01-259-4267,14560-1,0ZBE8,WIRE ROPE ASSEMBLY,https://www.dla.mil/Aviation/Offers/Engineering/RPPOB/Parts-Catalog/?udt_98399_param_detail=2546970,cover.png,support_1.png|support_2.png|support_3.png|support_4.png
8,1560-01-604-5921,300785-5111-0101,89305,BRACKET ASSEMBLY TIR INDEX SENSOR,https://www.dla.mil/Aviation/Offers/Engineering/RPPOB/Parts-Catalog/?udt_98399_param_detail=2546971,cover.png,support_1.png|support_2.png|support_3.png|support_4.png
8,1680-00-792-9233,969-0032-001,0YFP0,SENSOR ASSEMBLY, SKIN TE,https://www.dla.mil/Aviation/Offers/Engineering/RPPOB/Parts-Catalog/?udt_98399_param_detail=2546973,cover.png,support_1.png|support_2.png|support_3.png|support_4.png
8,5995-01-156-9063,1583-8215-57,66544,CABLE ASSEMBLY, RT - 46" LENGTH,https://www.dla.mil/Aviation/Offers/Engineering/RPPOB/Parts-Catalog/?udt_98399_param_detail=2546974,cover.png,support_1.png|support_2.png|support_3.png|support_4.png
8,1650-01-532-8015,83-4615,80201,BOOT, AIRCRAFT COMPONENTS,https://www.dla.mil/Aviation/Offers/Engineering/RPPOB/Parts-Catalog/?udt_98399_param_detail=2546975,cover.png,support_1.png|support_2.png|support_3.png|support_4.png
8,2995-00-945-3234,7211057-102-2,98391,ARM ASSEMBLY, ACTUATOR,https://www.dla.mil/Aviation/Offers/Engineering/RPPOB/Parts-Catalog/?udt_98399_param_detail=2546976,cover.png,support_1.png|support_2.png|support_3.png|support_4.png
8,1680-00-342-1477,90-4011-1,81205,PLATE ASSEMBLY, BRAKE,https://www.dla.mil/Aviation/Offers/Engineering/RPPOB/Parts-Catalog/?udt_98399_param_detail=2546977,cover.png,support_1.png|support_2.png|support_3.png|support_4.png
8,1650-00-108-9165,0711206-147,98391,SEAT, HYDRAULIC MODULE,https://www.dla.mil/Aviation/Offers/Engineering/RPPOB/Parts-Catalog/?udt_98399_param_detail=2546978,cover.png,support_1.png|support_2.png|support_3.png|support_4.png
8,6220-01-417-1847,16415-008,0ZBE8,LIGHT, INIDACTOR,https://www.dla.mil/Aviation/Offers/Engineering/RPPOB/Parts-Catalog/?udt_98399_param_detail=2546979,cover.png,support_1.png|support_2.png|support_3.png|support_4.png
8,5342-00-670-7409,H31-32,83014,LOCK ASSEMBLY, FLUSH,https://www.dla.mil/Aviation/Offers/Engineering/RPPOB/Parts-Catalog/?udt_98399_param_detail=2546980,cover.png,support_1.png|support_2.png|support_3.png|support_4.png
8,1560-01-520-9466,HA1009-3,83014,LATCH ASSEMBLY, AIRCRAFT,https://www.dla.mil/Aviation/Offers/Engineering/RPPOB/Parts-Catalog/?udt_98399_param_detail=2546981,cover.png,support_1.png|support_2.png|support_3.png|support_4.png
9,5342-00-794-0718,H270-1,83014,LATCH ASSEMBLY, COWL,https://www.dla.mil/Aviation/Offers/Engineering/RPPOB/Parts-Catalog/?udt_98399_param_detail=2546983,cover.png,support_1.png|support_2.png|support_3.png|support_4.png
9,1680-01-101-9838,9059-30-1,70236,LEVER, REMOTE CONTROL,https://www.dla.mil/Aviation/Offers/Engineering/RPPOB/Parts-Catalog/?udt_98399_param_detail=2546984,cover.png,support_1.png|support_2.png|support_3.png|support_4.png
9,5315-01-299-3486,2609656,99193,KEY, MACHINE,https://www.dla.mil/Aviation/Offers/Engineering/RPPOB/Parts-Catalog/?udt_98399_param_detail=2546985,cover.png,support_1.png|support_2.png|support_3.png|support_4.png
9,1560-01-583-6150,K4106-2,83014,LATCH, ASSEMBLY AIRCRAFT,https://www.dla.mil/Aviation/Offers/Engineering/RPPOB/Parts-Catalog/?udt_98399_param_detail=2546986,cover.png,support_1.png|support_2.png|support_3.png|support_4.png
9,2915-01-527-4092,21900-25,7Z016,VALVE, FUEL SYSTEM,https://www.dla.mil/Aviation/Offers/Engineering/RPPOB/Parts-Catalog/?udt_98399_param_detail=2546987,cover.png,support_1.png|support_2.png|support_3.png|support_4.png
9,7050-01-546-6695,1030-2080-FA,4Z9A3,MEMORY, PORTABLE, SOL,https://www.dla.mil/Aviation/Offers/Engineering/RPPOB/Parts-Catalog/?udt_98399_param_detail=2546988,cover.png,support_1.png|support_2.png|support_3.png|support_4.png
9,1560-00-817-4277,6-83193-3002,81205,SUPPORT, STRUCTURAL,https://www.dla.mil/Aviation/Offers/Engineering/RPPOB/Parts-Catalog/?udt_98399_param_detail=2546989,cover.png,support_1.png|support_2.png|support_3.png|support_4.png
9,6220-01-291-4266,2LA003849-00,55438,LIGHT, NAVIGATIONAL,https://www.dla.mil/Aviation/Offers/Engineering/RPPOB/Parts-Catalog/?udt_98399_param_detail=2546991,cover.png,support_1.png|support_2.png|support_3.png|support_4.png
9,5342-00-968-8310,174393,45934,BRACKET, SWIVEL LOCK,https://www.dla.mil/Aviation/Offers/Engineering/RPPOB/Parts-Catalog/?udt_98399_param_detail=2546992,cover.png,support_1.png|support_2.png|support_3.png|support_4.png
9,2995-00-772-0917,7211032-101,98391,BODY, ACTUATOR ASSEMBLY,https://www.dla.mil/Aviation/Offers/Engineering/RPPOB/Parts-Catalog/?udt_98399_param_detail=2546993,cover.png,support_1.png|support_2.png|support_3.png|support_4.png
9,2840-01-205-0540,4061761,77445,SEAL, AIR, AIRCRAFT GAS TURBINE ENGINE,https://www.dla.mil/Aviation/Offers/Engineering/RPPOB/Parts-Catalog/?udt_98399_param_detail=2546994,cover.png,support_1.png|support_2.png|support_3.png|support_4.png
9,1660-01-263-7505,358-1074,53655,COVER, NAPE PAD,https://www.dla.mil/Aviation/Offers/Engineering/RPPOB/Parts-Catalog/?udt_98399_param_detail=2546995,cover.png,support_1.png|support_2.png|support_3.png|support_4.png
9,1620-01-566-3387,5147L000-2,50601,TRUNNION STRUT, LAND,https://www.dla.mil/Aviation/Offers/Engineering/RPPOB/Parts-Catalog/?udt_98399_param_detail=2546996,cover.png,support_1.png|support_2.png|support_3.png|support_4.png
9,6115-01-072-4391,1587637-1,0SML3,STATOR, GENERATOR,https://www.dla.mil/Aviation/Offers/Engineering/RPPOB/Parts-Catalog/?udt_98399_param_detail=2546997,cover.png,support_1.png|support_2.png|support_3.png|support_4.png
9,2840-01-038-3299,4059351,77445,STRAP, BLEED VALVE,https://www.dla.mil/Aviation/Offers/Engineering/RPPOB/Parts-Catalog/?udt_98399_param_detail=2546998,cover.png,support_1.png|support_2.png|support_3.png|support_4.png
10,2350-01-459-1197,170-254,97153,KEY, MACHINE,https://www.dla.mil/Aviation/Offers/Engineering/RPPOB/Parts-Catalog/?udt_98399_param_detail=2546999,cover.png,support_1.png|support_2.png|support_3.png|support_4.png
10,1615-01-202-7132,5660237,81039,STATOR ASSEMBLY, ACTUATOR,https://www.dla.mil/Aviation/Offers/Engineering/RPPOB/Parts-Catalog/?udt_98399_param_detail=2547000,cover.png,support_1.png|support_2.png|support_3.png|support_4.png
10,4710-01-622-3049,4089383-01,77445,TUBE ASSEMBLY OF OIL SUPPLY,https://www.dla.mil/Aviation/Offers/Engineering/RPPOB/Parts-Catalog/?udt_98399_param_detail=2547001,cover.png,support_1.png|support_2.png|support_3.png|support_4.png
10,5306-01-557-1145,4088517-01,77445,BOLT ASSEMBLY OF ANCHOR,https://www.dla.mil/Aviation/Offers/Engineering/RPPOB/Parts-Catalog/?udt_98399_param_detail=2547002,cover.png,support_1.png|support_2.png|support_3.png|support_4.png
10,2835-01-467-7434,160004-300A,55802,NOZZLE ASSEMBLY, TURBINE, NONAIRCRAFT GAS,https://www.dla.mil/Aviation/Offers/Engineering/RPPOB/Parts-Catalog/?udt_98399_param_detail=2547003,cover.png,support_1.png|support_2.png|support_3.png|support_4.png
10,3120-01-327-9139,SW26765,98255,BUSHING, SLEEVE,https://www.dla.mil/Aviation/Offers/Engineering/RPPOB/Parts-Catalog/?udt_98399_param_detail=2547004,cover.png,support_1.png|support_2.png|support_3.png|support_4.png
10,6150-01-267-0319,BL-11585-1,08484,CABLE, ASSEMBLY SPECIAL,https://www.dla.mil/Aviation/Offers/Engineering/RPPOB/Parts-Catalog/?udt_98399_param_detail=2547005,cover.png,support_1.png|support_2.png|support_3.png|support_4.png
10,5985-01-413-0924,07-50001-8105,97896,ANTENNA,https://www.dla.mil/Aviation/Offers/Engineering/RPPOB/Parts-Catalog/?udt_98399_param_detail=2547006,cover.png,support_1.png|support_2.png|support_3.png|support_4.png
10,6220-01-499-6677,4100116-001,27520,LENS, LIGHT,https://www.dla.mil/Aviation/Offers/Engineering/RPPOB/Parts-Catalog/?udt_98399_param_detail=2547007,cover.png,support_1.png|support_2.png|support_3.png|support_4.png
10,1620-00-918-6392,Apr-98,70236,LOCK, ASSEMBLY STEERING,https://www.dla.mil/Aviation/Offers/Engineering/RPPOB/Parts-Catalog/?udt_98399_param_detail=2547008,cover.png,support_1.png|support_2.png|support_3.png|support_4.png
10,1560-01-125-8597,74A150821-1001,76301,HINGE, HALF ASSEMBLY,https://www.dla.mil/Aviation/Offers/Engineering/RPPOB/Parts-Catalog/?udt_98399_param_detail=2547009,cover.png,support_1.png|support_2.png|support_3.png|support_4.png
10,1560-01-125-8598,74A150821-1004,76301,HINGE, HALF ASSEMBLY,https://www.dla.mil/Aviation/Offers/Engineering/RPPOB/Parts-Catalog/?udt_98399_param_detail=2547010,cover.png,support_1.png|support_2.png|support_3.png|support_4.png
10,1620-01-158-086,1168963-101,45934,HANDEL, RELEASE, LOCK,https://www.dla.mil/Aviation/Offers/Engineering/RPPOB/Parts-Catalog/?udt_98399_param_detail=2547011,cover.png,support_1.png|support_2.png|support_3.png|support_4.png
10,6220-01-443-2990,4000056-001,27520,LIGHT, NAVIGATIONAL, AIRCRAFT,https://www.dla.mil/Aviation/Offers/Engineering/RPPOB/Parts-Catalog/?udt_98399_param_detail=2547012,cover.png,support_1.png|support_2.png|support_3.png|support_4.png
10,6610-00-453-4096,500-1259,98810,DECTECTOR, TUBE ASSEMBLY,https://www.dla.mil/Aviation/Offers/Engineering/RPPOB/Parts-Catalog/?udt_98399_param_detail=2547013,cover.png,support_1.png|support_2.png|support_3.png|support_4.png
11,6680-01-340-9255,43734,98810,COUNTER, ROTATING,https://www.dla.mil/Aviation/Offers/Engineering/RPPOB/Parts-Catalog/?udt_98399_param_detail=2547014,cover.png,support_1.png|support_2.png|support_3.png|support_4.png
11,1615-01-202-7126,4740228,81039,FLANGE, ASSEMBLY BRAKE,https://www.dla.mil/Aviation/Offers/Engineering/RPPOB/Parts-Catalog/?udt_98399_param_detail=2547015,cover.png,support_1.png|support_2.png|support_3.png|support_4.png
11,1620-01-172-4991,1168860-3,8V613,PLATE, WEAR LOCK PIN,https://www.dla.mil/Aviation/Offers/Engineering/RPPOB/Parts-Catalog/?udt_98399_param_detail=2547016,cover.png,support_1.png|support_2.png|support_3.png|support_4.png
11,5180-01-682-8374,K761G55492,0ZP31,TOOL KIT, BRIDGE,https://www.dla.mil/Aviation/Offers/Engineering/RPPOB/Parts-Catalog/?udt_98399_param_detail=2547017,cover.png,support_1.png|support_2.png|support_3.png|support_4.png
11,5330-01-641-3494,74A463725-1007,76301,SEAL, NONMETALLIC SPECIAL SHAPED SECTION,https://www.dla.mil/Aviation/Offers/Engineering/RPPOB/Parts-Catalog/?udt_98399_param_detail=2547018,cover.png,support_1.png|support_2.png|support_3.png|support_4.png
11,2810-01-418-3179,901-344-635-107,18350,BREATHER,https://www.dla.mil/Aviation/Offers/Engineering/RPPOB/Parts-Catalog/?udt_98399_param_detail=2547019,cover.png,support_1.png|support_2.png|support_3.png|support_4.png
11,1560-01-454-8895,2307105-1,70210,SUPPORT, STRUCTURAL,https://www.dla.mil/Aviation/Offers/Engineering/RPPOB/Parts-Catalog/?udt_98399_param_detail=2547020,cover.png,support_1.png|support_2.png|support_3.png|support_4.png
11,1560-01-226-5111,74A110958-1003,76301,HINGE, HALF ASSEMBLY,https://www.dla.mil/Aviation/Offers/Engineering/RPPOB/Parts-Catalog/?udt_98399_param_detail=2547021,cover.png,support_1.png|support_2.png|support_3.png|support_4.png
11,4710-01-321-0259,301-585-806-0,58828,TUBE ASSEMBLY, METAL,https://www.dla.mil/Aviation/Offers/Engineering/RPPOB/Parts-Catalog/?udt_98399_param_detail=2547022,cover.png,support_1.png|support_2.png|support_3.png|support_4.png
11,1630-00-435-1351,6033-10,61873,HOUSING, BREAK CYCLINDER,https://www.dla.mil/Aviation/Offers/Engineering/RPPOB/Parts-Catalog/?udt_98399_param_detail=2547024,cover.png,support_1.png|support_2.png|support_3.png|support_4.png
11,1660-01-263-7496,232-1110,53655,VALVE ASSEMBLY, MASK,https://www.dla.mil/Aviation/Offers/Engineering/RPPOB/Parts-Catalog/?udt_98399_param_detail=2547026,cover.png,support_1.png|support_2.png|support_3.png|support_4.png
11,1620-01-192-3753,2012B43,45934,HOUSING, DAMPER, SHIM,https://www.dla.mil/Aviation/Offers/Engineering/RPPOB/Parts-Catalog/?udt_98399_param_detail=2547027,cover.png,support_1.png|support_2.png|support_3.png|support_4.png
11,1620-01-163-7045,1168627-103,45934,PISTON ASSY, SHOCK S,https://www.dla.mil/Aviation/Offers/Engineering/RPPOB/Parts-Catalog/?udt_98399_param_detail=2547028,cover.png,support_1.png|support_2.png|support_3.png|support_4.png
11,1620-01-297-2296,2012B266A,45934,ADAPTER ASSEMBLY, LANDING GEAR,https://www.dla.mil/Aviation/Offers/Engineering/RPPOB/Parts-Catalog/?udt_98399_param_detail=2547029,cover.png,support_1.png|support_2.png|support_3.png|support_4.png
11,5998-01-608-8066,901-005-646-101,97499,BACKPLANE ASSEMBLY,https://www.dla.mil/Aviation/Offers/Engineering/RPPOB/Parts-Catalog/?udt_98399_param_detail=2547030,cover.png,support_1.png|support_2.png|support_3.png|support_4.png
12,6685-01-583-0451,42675C307-2,70236,INDICATOR, PRESSURE,https://www.dla.mil/Aviation/Offers/Engineering/RPPOB/Parts-Catalog/?udt_98399_param_detail=2547031,cover.png,support_1.png|support_2.png|support_3.png|support_4.png
12,6680-01-483-0740,054363-01,89305,ACCELEROMETER, ELETRICAL,https://www.dla.mil/Aviation/Offers/Engineering/RPPOB/Parts-Catalog/?udt_98399_param_detail=2547032,cover.png,support_1.png|support_2.png|support_3.png|support_4.png
12,2840-01035-2492,20145382,54FF3,LIMITER, TEMPERATURE,https://www.dla.mil/Aviation/Offers/Engineering/RPPOB/Parts-Catalog/?udt_98399_param_detail=2547033,cover.png,support_1.png|support_2.png|support_3.png|support_4.png
12,1660-00-014-0570,582700,73030,HEAT EXCHANGER, AIR,https://www.dla.mil/Aviation/Offers/Engineering/RPPOB/Parts-Catalog/?udt_98399_param_detail=2547034,cover.png,support_1.png|support_2.png|support_3.png|support_4.png
12,1680-01-235-2571,2601990-001,99167,CONTROL ASSEMBLY, PUSH-PULL,https://www.dla.mil/Aviation/Offers/Engineering/RPPOB/Parts-Catalog/?udt_98399_param_detail=2547035,cover.png,support_1.png|support_2.png|support_3.png|support_4.png
12,2995-00-909-4510,7257-101-1,98391,BRACKET ASSY, ACTUATOR,https://www.dla.mil/Aviation/Offers/Engineering/RPPOB/Parts-Catalog/?udt_98399_param_detail=2547036,cover.png,support_1.png|support_2.png|support_3.png|support_4.png
12,1560-01-471-9242,901-011-144-101,97499,STRAP, ASSY,https://www.dla.mil/Aviation/Offers/Engineering/RPPOB/Parts-Catalog/?udt_98399_param_detail=2547037,cover.png,support_1.png|support_2.png|support_3.png|support_4.png
12,2995-00-928-7626,AR1280,98391,PARTS KIT, ACTUATOR,https://www.dla.mil/Aviation/Offers/Engineering/RPPOB/Parts-Catalog/?udt_98399_param_detail=2547038,cover.png,support_1.png|support_2.png|support_3.png|support_4.png
12,1680-01-328-6570,622-601530-000,90073,PANEL, INDICATOR,https://www.dla.mil/Aviation/Offers/Engineering/RPPOB/Parts-Catalog/?udt_98399_param_detail=2547039,cover.png,support_1.png|support_2.png|support_3.png|support_4.png
12,6220-01-259-9815,LE434-0032-0009,43999,LIGHT UNIT, EMERGENCY,https://www.dla.mil/Aviation/Offers/Engineering/RPPOB/Parts-Catalog/?udt_98399_param_detail=2547040,cover.png,support_1.png|support_2.png|support_3.png|support_4.png
12,1680-01-252-0374,70500-02152-048,78286,SEAT ASSEMBLY, GUN,https://www.dla.mil/Aviation/Offers/Engineering/RPPOB/Parts-Catalog/?udt_98399_param_detail=2547041,cover.png,support_1.png|support_2.png|support_3.png|support_4.png
12,5340-01-116-4327,234S8058-2,77272,COVER, ACCESS,https://www.dla.mil/Aviation/Offers/Engineering/RPPOB/Parts-Catalog/?udt_98399_param_detail=2547042,cover.png,support_1.png|support_2.png|support_3.png|support_4.png
12,1560-01-616-8956,901-032-685-102,97499,FITTING, STRUCTURAL,https://www.dla.mil/Aviation/Offers/Engineering/RPPOB/Parts-Catalog/?udt_98399_param_detail=2547043,cover.png,support_1.png|support_2.png|support_3.png|support_4.png
12,1680-01-581-1449,901-069-304-124,97499,PANEL ASSEMBLY, AIRCRAFT,https://www.dla.mil/Aviation/Offers/Engineering/RPPOB/Parts-Catalog/?udt_98399_param_detail=2547044,cover.png,support_1.png|support_2.png|support_3.png|support_4.png
12,6610-01-465-0807,510000-10,3BMV1,TRANSMITTER, POSITION,https://www.dla.mil/Aviation/Offers/Engineering/RPPOB/Parts-Catalog/?udt_98399_param_detail=2547045,cover.png,support_1.png|support_2.png|support_3.png|support_4.png
13,5365-01-583-8045,LSF02186-001,1K9E4,BUSHING, ECCENTRIC,https://www.dla.mil/Aviation/Offers/Engineering/RPPOB/Parts-Catalog/?udt_98399_param_detail=2547046,cover.png,support_1.png|support_2.png|support_3.png|support_4.png
13,2840-01-214-9714,6900T40G02,22819,COWL AND DOME,https://www.dla.mil/Aviation/Offers/Engineering/RPPOB/Parts-Catalog/?udt_98399_param_detail=2547047,cover.png,support_1.png|support_2.png|support_3.png|support_4.png
13,6610-01-234-9098,123-1182,98810,PROBE, ANGLE OF ATTACK TRANSMITTE,https://www.dla.mil/Aviation/Offers/Engineering/RPPOB/Parts-Catalog/?udt_98399_param_detail=2547048,cover.png,support_1.png|support_2.png|support_3.png|support_4.png
13,1560-01-444-3256,A3475-1,08844,SUPPORT, STRUCTURAL,https://www.dla.mil/Aviation/Offers/Engineering/RPPOB/Parts-Catalog/?udt_98399_param_detail=2547049,cover.png,support_1.png|support_2.png|support_3.png|support_4.png
13,1680-00-932-5846,1680-0,98889,PARTS KIT, WINCH, OVE,https://www.dla.mil/Aviation/Offers/Engineering/RPPOB/Parts-Catalog/?udt_98399_param_detail=2547050,cover.png,support_1.png|support_2.png|support_3.png|support_4.png
13,4730-01-523-2046,2675-00688,61482,MANIFOLD, FUELING,https://www.dla.mil/Aviation/Offers/Engineering/RPPOB/Parts-Catalog/?udt_98399_param_detail=2547051,cover.png,support_1.png|support_2.png|support_3.png|support_4.png
13,2835-01-188-0676,116369-100,55820,FITTING ASSEMBLY, SP,https://www.dla.mil/Aviation/Offers/Engineering/RPPOB/Parts-Catalog/?udt_98399_param_detail=2547052,cover.png,support_1.png|support_2.png|support_3.png|support_4.png
13,1560-01-033-9246,10-60401-7,81205,LATCH ASSEMBLY, COWL,https://www.dla.mil/Aviation/Offers/Engineering/RPPOB/Parts-Catalog/?udt_98399_param_detail=2547053,cover.png,support_1.png|support_2.png|support_3.png|support_4.png
13,2840-01-290-6532,6041T700G01,99207,VANE, COMPRESSOR,https://www.dla.mil/Aviation/Offers/Engineering/RPPOB/Parts-Catalog/?udt_98399_param_detail=2547054,cover.png,support_1.png|support_2.png|support_3.png|support_4.png
13,6210-00-909-8319,12251,98810,LENS, LIGHT,https://www.dla.mil/Aviation/Offers/Engineering/RPPOB/Parts-Catalog/?udt_98399_param_detail=2547055,cover.png,support_1.png|support_2.png|support_3.png|support_4.png
13,1680-01-016-1264,28952,04638,SWIVEL, ASSEMBLY, CONNECTOR,https://www.dla.mil/Aviation/Offers/Engineering/RPPOB/Parts-Catalog/?udt_98399_param_detail=2547056,cover.png,support_1.png|support_2.png|support_3.png|support_4.png
13,2840-00-419-4782,07-112603,31435,VANE ASSEMBLY, COMPRESSOR, AIRCRAFT GAS TURBINE,https://www.dla.mil/Aviation/Offers/Engineering/RPPOB/Parts-Catalog/?udt_98399_param_detail=2547058,cover.png,support_1.png|support_2.png|support_3.png|support_4.png
13,1680-01-564-9053,1606142-1,98889,HOUSING, COUPLING,https://www.dla.mil/Aviation/Offers/Engineering/RPPOB/Parts-Catalog/?udt_98399_param_detail=2547059,cover.png,support_1.png|support_2.png|support_3.png|support_4.png
13,1560-00-066-3021,123P10425-3,79RG9,FUSELAGE SECTION,https://www.dla.mil/Aviation/Offers/Engineering/RPPOB/Parts-Catalog/?udt_98399_param_detail=2547060,cover.png,support_1.png|support_2.png|support_3.png|support_4.png
14,6350-01-196-9562,706001-001,19623,ANNUNCIATION,https://www.dla.mil/Aviation/Offers/Engineering/RPPOB/Parts-Catalog/?udt_98399_param_detail=2547061,cover.png,support_1.png|support_2.png|support_3.png|support_4.png
14,5855-01-569-7751,1817010-T,0B5K8,ONE AND THREE HOLE,https://www.dla.mil/Aviation/Offers/Engineering/RPPOB/Parts-Catalog/?udt_98399_param_detail=2547062,cover.png,support_1.png|support_2.png|support_3.png|support_4.png
14,5310-01-212-3235,649-784-405-0,58828,NUT,https://www.dla.mil/Aviation/Offers/Engineering/RPPOB/Parts-Catalog/?udt_98399_param_detail=2547063,cover.png,support_1.png|support_2.png|support_3.png|support_4.png
14,4320-00-435-0075,1386409-1,73030,ROTOR, FAN,https://www.dla.mil/Aviation/Offers/Engineering/RPPOB/Parts-Catalog/?udt_98399_param_detail=2547064,cover.png,support_1.png|support_2.png|support_3.png|support_4.png
14,3120-01-347-8167,35-23796-3,81205,BUSHING, SLEEVE,https://www.dla.mil/Aviation/Offers/Engineering/RPPOB/Parts-Catalog/?udt_98399_param_detail=2547065,cover.png,support_1.png|support_2.png|support_3.png|support_4.png
14,2840-01-632-4559,074T98G01,99207,SHROUD, STAGE 2,https://www.dla.mil/Aviation/Offers/Engineering/RPPOB/Parts-Catalog/?udt_98399_param_detail=2547066,cover.png,support_1.png|support_2.png|support_3.png|support_4.png
14,2915-01-055-6515,4102-203005,81833,PUMP, FUEL, JET ENGINE,https://www.dla.mil/Aviation/Offers/Engineering/RPPOB/Parts-Catalog/?udt_98399_param_detail=2547067,cover.png,support_1.png|support_2.png|support_3.png|support_4.png
14,2915-00-728-0007,598539,73030,LEVER AND ROLLER,https://www.dla.mil/Aviation/Offers/Engineering/RPPOB/Parts-Catalog/?udt_98399_param_detail=2547068,cover.png,support_1.png|support_2.png|support_3.png|support_4.png
14,1680-01-158-5779,70400-06660-048,78286,CAPSULE ASSEMBLY, FL,https://www.dla.mil/Aviation/Offers/Engineering/RPPOB/Parts-Catalog/?udt_98399_param_detail=2547069,cover.png,support_1.png|support_2.png|support_3.png|support_4.png
14,1680-01-534-2649,22132-2,08484,PAD, PEDAL,https://www.dla.mil/Aviation/Offers/Engineering/RPPOB/Parts-Catalog/?udt_98399_param_detail=2547070,cover.png,support_1.png|support_2.png|support_3.png|support_4.png
14,1560-00-853-6919,7991-13,3DBN7,SEAL, RUDDER BALANCE,https://www.dla.mil/Aviation/Offers/Engineering/RPPOB/Parts-Catalog/?udt_98399_param_detail=2547071,cover.png,support_1.png|support_2.png|support_3.png|support_4.png
14,4520-01-141-7568,70105-08157-041,78286,HEATING ELEMENT, ELE,https://www.dla.mil/Aviation/Offers/Engineering/RPPOB/Parts-Catalog/?udt_98399_param_detail=2547072,cover.png,support_1.png|support_2.png|support_3.png|support_4.png
14,6680-00-225-3821,9A461,82686,BRIDGE CARD ASSEMBLY,https://www.dla.mil/Aviation/Offers/Engineering/RPPOB/Parts-Catalog/?udt_98399_param_detail=2547073,cover.png,support_1.png|support_2.png|support_3.png|support_4.png
14,3040-00-854-0244,2481791,99551,SHAFT, SHOULDERED,https://www.dla.mil/Aviation/Offers/Engineering/RPPOB/Parts-Catalog/?udt_98399_param_detail=2547074,cover.png,support_1.png|support_2.png|support_3.png|support_4.png
14,1660-01-162-6548,1808250-103,98769,Duct Assembly, Air Conditioning-Heating, Aircraft,https://www.dla.mil/Aviation/Offers/Engineering/RPPOB/Parts-Catalog/?udt_98399_param_detail=2547075,cover.png,support_1.png|support_2.png|support_3.png|support_4.png
15,1660-01-162-6546,1808761-101,98769,Duct Assembly, Air Conditioning-Heating, Aircraft,https://www.dla.mil/Aviation/Offers/Engineering/RPPOB/Parts-Catalog/?udt_98399_param_detail=2547076,cover.png,support_1.png|support_2.png|support_3.png|support_4.png
15,1560-01-470-4571,1809294-101,98769,DUCT ASSEMBLY, BLEED,https://www.dla.mil/Aviation/Offers/Engineering/RPPOB/Parts-Catalog/?udt_98399_param_detail=2547077,cover.png,support_1.png|support_2.png|support_3.png|support_4.png
15,2840-01-228-9195,3013T62G18,99207,LINER, COMBUSTION CHAMBER, AIRCRAFT GAS TURBINE ENGINE,https://www.dla.mil/Aviation/Offers/Engineering/RPPOB/Parts-Catalog/?udt_98399_param_detail=2547079,cover.png,support_1.png|support_2.png|support_3.png|support_4.png
15,1660-01-162-6547,1808248-101,98769,DUCT ASSEMBLY, AIR CONDITIONING-HEATING, AIRCRAFT,https://www.dla.mil/Aviation/Offers/Engineering/RPPOB/Parts-Catalog/?udt_98399_param_detail=2547080,cover.png,support_1.png|support_2.png|support_3.png|support_4.png
15,6210-01-249-3006,706002-071,22830,LIGHT, INDICATOR,https://www.dla.mil/Aviation/Offers/Engineering/RPPOB/Parts-Catalog/?udt_98399_param_detail=2547081,cover.png,support_1.png|support_2.png|support_3.png|support_4.png
15,1560-01-124-6137,A2325-3A,08844,STRUT, AIRCRAFT,https://www.dla.mil/Aviation/Offers/Engineering/RPPOB/Parts-Catalog/?udt_98399_param_detail=2547082,cover.png,support_1.png|support_2.png|support_3.png|support_4.png
15,5855-01-609-6241,OFM-2305-A1,0B107,LENS, OPTICAL INSTRUMENT,https://www.dla.mil/Aviation/Offers/Engineering/RPPOB/Parts-Catalog/?udt_98399_param_detail=2547083,cover.png,support_1.png|support_2.png|support_3.png|support_4.png
15,4730-01-247-8080,9394M16G06,5882858828,MANIFOLD, FUELING,https://www.dla.mil/Aviation/Offers/Engineering/RPPOB/Parts-Catalog/?udt_98399_param_detail=2547084,cover.png,support_1.png|support_2.png|support_3.png|support_4.png
15,6680-01-461-7376,472995-710,89305,TRANSMITTER, LIQUID,https://www.dla.mil/Aviation/Offers/Engineering/RPPOB/Parts-Catalog/?udt_98399_param_detail=2547085,cover.png,support_1.png|support_2.png|support_3.png|support_4.png
15,6685-01-516-2103,31118-2,31118,HOUSING, INIDICATOR,https://www.dla.mil/Aviation/Offers/Engineering/RPPOB/Parts-Catalog/?udt_98399_param_detail=2547086,cover.png,support_1.png|support_2.png|support_3.png|support_4.png
15,5970-01-304-2856,31169-1553,3CPE0,INSULATOR, POLE,https://www.dla.mil/Aviation/Offers/Engineering/RPPOB/Parts-Catalog/?udt_98399_param_detail=2547087,cover.png,support_1.png|support_2.png|support_3.png|support_4.png
15,4730-01-441-6400,2676784-142,06848,RESTRICTOR, FLIUD FLOW,https://www.dla.mil/Aviation/Offers/Engineering/RPPOB/Parts-Catalog/?udt_98399_param_detail=2547088,cover.png,support_1.png|support_2.png|support_3.png|support_4.png
15,2840-01-473-1331,35000701-2,59364,PLATE, MOUNTING MOUNT,https://www.dla.mil/Aviation/Offers/Engineering/RPPOB/Parts-Catalog/?udt_98399_param_detail=2547089,cover.png,support_1.png|support_2.png|support_3.png|support_4.png
15,6210-00-494-5629,042-526-1007-005,81590,LIGHT, INDICATOR,https://www.dla.mil/Aviation/Offers/Engineering/RPPOB/Parts-Catalog/?udt_98399_param_detail=2547090,cover.png,support_1.png|support_2.png|support_3.png|support_4.png
15,5342-00-777-7641,H269-1,83014,ASSEMBLY, COWL,https://www.dla.mil/Aviation/Offers/Engineering/RPPOB/Parts-Catalog/?udt_98399_param_detail=2547091,cover.png,support_1.png|support_2.png|support_3.png|support_4.png
16,1620-01-116-2354,179-50074,14798,HOSE ASSEMBLY EMERGENCY,https://www.dla.mil/Aviation/Offers/Engineering/RPPOB/Parts-Catalog/?udt_98399_param_detail=2551105,cover.png,support_1.png|support_2.png|support_3.png|support_4.png
16,5306-01-185-6236,70103-08801-103,78286,BOLT, MACHINE,https://www.dla.mil/Aviation/Offers/Engineering/RPPOB/Parts-Catalog/?udt_98399_param_detail=2564979,cover.png,support_1.png|support_2.png|support_3.png|support_4.png
16,3120-01-167-3404,1KMDB4-13,97613,BEARING, PLAIN, SELF-ALIGNING,https://www.dla.mil/Aviation/Offers/Engineering/RPPOB/Parts-Catalog/?udt_98399_param_detail=2574768,cover.png,support_1.png|support_2.png|support_3.png|support_4.png
16,1660-01-303-1979,70550-02129-110,78286,ROTOR, AIR CONDITION,https://www.dla.mil/Aviation/Offers/Engineering/RPPOB/Parts-Catalog/?udt_98399_param_detail=2577878,cover.png,support_1.png|support_2.png|support_3.png|support_4.png
